headline,publication,date
Ford and Tesla Shares Tumble as Trade Fears Weigh on Auto Stocks,FX Leaders,2025-04-08
Ford’s Stock Takes a Dive: What You Need to Know,apnakal.com,2025-04-09
What's Going On With Ford Shares Thursday?,Benzinga,2025-03-27
Ford shares fall 6% in extended trading over trimmed profit forecast,CNBC TV18,2024-10-29
Ford shares take a hit as Donald Trump’s tariff war disrupts US auto industry,The Economic Times,2025-02-03
Ford shares drop as supply snags and costs hurt profit forecast,Reuters,2024-10-29
"GM, Ford Shares Are Cheap for a Reason as Risks Pile Up",Bloomberg.com,2025-02-07
"Ford shares slide as automaker forecasts weaker growth, further losses for electric vehicle unit",AP News,2025-02-05
Ford Motor Co: A Market Update Amidst Volatility,apnakal.com,2025-04-08
"Ford offers across-the-board discounts, jumping on recent tariff-induced sales bump",Reuters,2025-04-03
Ford Motor Co. Faces Market Challenges: A Dive into Recent Stock Performance,apnakal.com,2025-04-08
Ford Motor Co. Experiences Significant Stock Dip: Market Insights and Future Implications,apnakal.com,2025-04-08
"Ford Shares Hit Rough Patch, Tumble Over 6% Closing Near Yearly Low",apnakal.com,2025-04-04
"Ford Stock Suffers Steep Decline: F Shares Tumble 6%, Edge Closer to Yearly Low",apnakal.com,2025-04-04
"Ford Stock Hits Rough Patch: Shares Plunge Over 6 Percent, Edging Near Annual Low",apnakal.com,2025-04-04
Ford Motor Stock Sees Shifting Tides: Major Investor Slashes Stake While Analysts Recalibrate Expectations,apnakal.com,2025-04-03
Ford Stock Takes a Hit: Shares Plunge 6% Despite Attractive Dividend Yield,apnakal.com,2025-04-04
"Rough Ride for Ford Stock: Shares Tumble Over 6%, Testing Yearly Lows",apnakal.com,2025-04-04
"Ford Motor Navigates Shifting Tides: CalPERS Trims Stake, Analysts Weigh In Amid Market Volatility",apnakal.com,2025-04-03
Ford Motor Co: A Steady Ascent Amid Market Fluctuations,apnakal.com,2025-04-07
Ford Motor Faces Investor Shifts Amid Analyst Downgrades and Market Challenges,apnakal.com,2025-04-06
"Ford Sees Sharp Profit Drop as Trump Tariff, EV Threats Loom",Bloomberg.com,2025-02-06
"As Trump’s ‘Liberation Day’ Tariffs Trigger Market Selloff, Ford Is Offering Employee Pricing on Its Cars to US Customers. How Should You Play F Stock Here?",TradingView,2025-04-03
Ford Stock Skids Over 6% Before Modest After-Hours Rebound,apnakal.com,2025-04-04
"Ford Trims Profit Forecast Over Costs, Hurricane Disruption",Bloomberg.com,2024-10-29
"GM, Ford Report Q1 Sales as Auto Industry Braces for Tariffs",Investopedia,2025-04-01
What's Going On With Ford Stock Thursday? - Ford Motor (NYSE:F),Benzinga,2025-02-06
"Ford Stock Tumbles Over 6%, Flirts with Yearly Lows Despite Attractive Dividend",apnakal.com,2025-04-04
Ford Stock Dips Below Key $10 Mark as Trading Volume Slows and Analysts Offer Mixed Views,apnakal.com,2025-04-02
Who Owns Ford And Where Are The Cars Built?,SlashGear,2025-04-08
"Auto stocks slide on tariff news: Ford down 5.9%, GM down 4.3%",Auto Finance News,2025-04-03
"Auto stocks crash after top carmaker Stellantis NV slashes annual forecast; Ford down 3%, General Motors sink 4%",Mint,2024-09-30
Ford shares slide on weaker growth forecasts and losses for EV unit,Yahoo,2025-02-06
Ford Earnings Race Past Views But Weak Outlook Sinks Shares,Investor's Business Daily,2025-02-06
"Ford Stock Skids Over 6%, Testing Yearly Lows Despite Strong Dividend",apnakal.com,2025-04-04
Ford’s Employee Pricing Initiative: A Strategic Move Amidst Tariff Challenges,apnakal.com,2025-04-04
(VIDEO) Country rap musician Colt Ford shares his personal story of surviving a near-fatal heart attack,Mayo Clinic News Network,2025-03-11
Ford Stock New: Why a Downgrade Is Pushing Shares Down Today,Barron's,2024-12-16
Institutional Giants Increase Ford Motor Holdings as Analyst Sentiment Remains Mixed,apnakal.com,2025-04-03
Ford Shares Winter Advice to Optimize EV Performance,EV Mechanica,2024-12-13
"Ford slips as higher costs, EV segment take a toll on profit growth",Business Standard,2024-07-25
"GM, Ford Shares’ Great Revival Stalls as China Threat Brews",Bloomberg.com,2024-09-27
Watch These Ford Price Levels as Stock Drops After Automaker Issues Soft Outlook,Investopedia,2024-10-28
"Ford Stock Drops as Automaker Projects Lower Earnings, Offsetting Upbeat Q4 Results",Investopedia,2025-02-06
Ford shares are hitting the brakes after weak forecast and a tariff-y year ahead,Sherwood News,2025-02-06
Ford Shares Fall 14% After Earnings Miss Projections,Forbes,2024-07-25
"“From America, For America” Not Enough to Keep Ford Stock (NYSE:F) From Plunging",The Globe and Mail,2025-04-03
Analysts Were Uninspired by Ford's Earnings But Remain Bullish Long Term. Here's Why,Investopedia,2024-10-29
"Ford posts Q4 beat, stock falls on EBIT outlook",Yahoo Finance,2025-02-05
Ford shares drop in post market after projecting mounting EV losses for 2025,The Globe and Mail,2025-02-05
Ford and GM Stocks Are Dropping. Why the Auto Rally Is Already Faltering.,Barron's,2025-03-06
Here are the market's biggest losers from Trump's fresh auto tariffs,Business Insider,2025-03-27
Ford Shares Declines As The American Giant Says It Will Cut 4000 Jobs Amid Weak EV Sales,MSN,2024-11-22
HGTV's Leanne Ford Shares An Inexpensive Trick To Refresh Cabinets Without Paint,MSN,2025-04-08
Premier Ford Shares Greetings on the Beginning of Eid al-Fitr,ontario.ca,2025-03-29
"Ford to cut European jobs as EV shift, Chinese rivals take toll",Reuters,2024-11-20
Ford Motor Company (NYSE: F) Stock Price Target at $13: Argus Research,topnews.in,2025-02-11
Ford shares have stalled: can CEO Jim Farley steer out of its rut?,Financial Times,2024-08-25
Ford Stock Declines 9% Since Q3 Results: What Should Investors Do?,Yahoo,2024-11-05
"GM Stock Can Double, Analyst Says. Ford, Well, Can’t.",Barron's,2025-03-07
"Bronstein, Gewirtz & Grossman, LLC Encourages Ford Motor Company (F) Stockholders to Inquire about Securities Investigation",markets.businessinsider.com,2025-02-23
"Ford Pro CEO, who made commercial vehicles more profitable, to retire",Reuters,2024-09-12
Ford to change its quality leader as it chases lower warranty costs,Reuters,2024-12-18
What's Going On With Ford Shares Tuesday?,Benzinga,2025-01-21
Is Ford Stock a Buy Now?,Yahoo Finance,2025-03-21
Ford Motor Stock Lures Investors With 7.5% Dividend Yield,Yahoo Finance,2025-03-21
Ford Stock Catches a Downgrade. It’s a Victim of Trump-Related Uncertainty.,Barron's,2025-01-22
Is Ford Stock a Buy Now?,MSN,2025-03-21
"GM, Ford Stocks Sink on Morgan Stanley Downgrades Amid China Challenge",Investopedia,2024-09-25
Why Ford (F) Stock Is Down Today,Yahoo Finance,2025-02-06
"Will Tesla Stock Rise Further After Auto Tariffs, GM and Ford Shares Slip",FX Leaders,2025-03-27
"Ford, GM Post Highest Annual US Sales Since 2019",Investopedia,2025-01-03
Ford Shares Are On The Rise Friday: What You Need To Know,Benzinga,2024-11-22
Harrison Ford Shares Powerful Message Urging People To Pause and Appreciate Nature’s Biodiversity,My Modern Met,2025-03-31
Ford F-150 Trucks Are Under Investigation. What to Know.,Barron's,2025-03-24
Ford shares fall as car repair costs weigh on profits,Financial Times,2024-07-24
"Ford shares post worst day since 2008, leading autos rout after company's disappointing earnings",CNBC,2024-07-25
Ford shares fall after warning of steep profit decline,Financial Post,2025-02-05
Ford investors impatient for the automaker to boost efficiency efforts,Reuters,2024-10-30
Ford's post-earnings performance: volatility and trends analysis,ig.com,2024-09-25
"Ford: Buy, Sell, or Hold?",Nasdaq,2025-01-14
"GM, Ford Shares Are Cheap for a Reason as Risks Pile Up",Financial Post,2025-02-07
Huge Sell-Off Has Cut Ford Shares by Half,MSN,2025-02-14
"GM, Ford Shares Dip and TSLA Rises as Trump Follows Through on Auto Tariffs",Tokenist,2025-03-27
"Ford profits tumble on higher costs, hitting shares",Tech Xplore,2024-07-25
Ford downgraded at Barclays on elevated volume headwinds,Investing.com,2025-01-22
Ford Stock Dives Below Key Level On Earnings. GM In Buy Range.,Investor's Business Daily,2024-10-29
Why Ford (F) Stock Is Down Today,The Globe and Mail,2025-03-27
Ford Shares Skid After Q4 Report: Details,Benzinga,2025-02-05
Carmaker shares slide after Trump’s 25% tariff; British Steel proposes closing Scunthorpe blast furnaces – as it happened,The Guardian,2025-03-27
Vanguard Group Inc's Strategic Acquisition of Ford Motor Co Shar,GuruFocus,2025-01-08
Ford Shares Plunge Almost 10% After Q3 Earnings Despite Beating Estimates,Benzinga,2024-10-29
Ford Stock: Is F Underperforming the Consumer Cyclical Sector?,Nasdaq,2024-12-13
"Ford beats earnings expectations, cautious 2025 outlook",News.az,2025-02-06
"Ford: Buy, Sell, or Hold?",The Motley Fool,2025-01-14
"Ford shares losing traction on concerns over EV losses, warranty costs, tariffs (F)",Seeking Alpha,2025-02-06
Why Ford shares are behind the pack,Sherwood News,2024-12-05
Ford shares tumble 13% after massive earnings miss,CNBC,2024-07-24
Ford Stock Is Rising. Goldman Says Shares Are Still A Buy.,Barron's,2024-10-01
"Forward Industries, Inc. (NASDAQ:FORD) Shares May Have Slumped 27% But Getting In Cheap Is Still Unlikely",simplywall.st,2025-02-22
"BSNL finally breaks silence over Rs 1757 crore loss to Centre due to Mukesh Ambani's Jio, says...",India.Com,2025-04-08
No revenue loss from infra sharing with Reliance Jio: BSNL,The Economic Times,2025-04-09
BSNL says CAG finding of revenue loss from Reliance Jio pact ‘erroneously overestimated’,ET Telecom,2025-04-08
"Huge relief for Jio users! Free calls, 2GB data for 98 days without recharge worries",India TV News,2025-04-09
Jio AirFiber Max Plans Listed and Explained,TelecomTalk,2025-04-09
"Big gains for Jio, bumps for rivals likely in Q4",The Economic Times,2025-04-07
"Reliance Jio introduced the cheapest 84 days recharge for its users, calling and SMS will be available",informalnewz,2025-04-08
JioHotstar Launches Exclusive IPL 2025 Plans! Check How Much JioHotstar Can Earn in Tata IPL 2025 Live Stream,Goodreturns,2025-04-08
"Jio Vs Airtel 90-Day Plans: Data, Calls & Perks Compared – Which One’s Worth Your Money In 2025?",news24online.com,2025-04-08
Excitel’s bold bet on IPTV and Fiber: Competing with Jio and Airtel in India’s broadband race l Exclusive,financialexpress.com,2025-04-09
Jio Financial Services To Now Offer Digital Loans Against Securities,Inc42,2025-04-08
Jio Fin to issue e-loans against securities,Times of India,2025-04-09
Jio Financial share price jumps over 3% as subsidiary NBFC introduces digital Loan Against Securities,Mint,2025-04-08
"Jio Extends ‘Unlimited’ Offer With Free 90-Day JioHotstar Subscription, Other Benefits Till April 15",Gadgets 360,2025-04-07
Jio Financial Share Price Falls; Company Launches Loans Against Securities,NDTV Profit,2025-04-09
Jio Financial Services shares up 5.5% on foray into digital loans against securities,CNBC TV18,2025-04-08
"BSNL refutes Rs 1,757-crore loss claim over Reliance Jio billing issue",Communications Today,2025-04-09
Jio Financial Services shares jumped 5% in fag-end trade; here's why,Business Today,2025-04-08
Jio fixed your data bill. Looks like LIC wants to fix your hospital bill,The Ken,2025-04-09
India’s Jio Finance launches fast digital loans against securities,Tech in Asia,2025-04-09
Jio Finance launches loan against security offering for customers,Business Standard,2025-04-08
Jio Financial Services Stock Plunges Sharply by 2.35% on 9 April – Major Warning for Investors,Hindustan Herald,2025-04-09
"Jio's affordable plan offers 90-day subscription to Zee5, SonyLiv at just Rs 12 per day",India TV News,2025-04-05
Don’t miss out: Free Jio Hotstar IPL 2025 subscription extended — Check details,Mint,2025-04-05
Jio extends special offer plans to watch free IPL on JioHotstar,The Economic Times,2025-04-05
"Jio Financial Share Price Falls 3%, Should Buy Or Sell? Check Recommendation",indiahood.com,2025-04-09
What challenges do existing fintech firms face from Jio?,Tech in Asia,2025-04-09
Jio extends ‘unlimited offer’ with free JioHostar subscription until April 15,The Indian Express,2025-04-04
Reliance Jio Coin: Check Latest Price And Market Capitalization – Uses And Earning Steps Inside!,news24online.com,2025-04-07
Jio Financial Services Faces Bearish Shift Amid Declining Financial Performance,MarketsMojo,2025-04-08
"Airtel, Jio, and Vodafone Idea Entry-Level Unlimited 5G Prepaid Plans Detailed: April 2025 Edition",TelecomTalk,2025-04-07
Jio Financial Stock Gains 6% As Firm Ventures Into Loan Against Securities,BW Businessworld,2025-04-08
What Are the Growth Implications of Jio's Capital Investments?,Tech in Asia,2025-04-09
"Jio Financial, BlackRock invest Rs 66.5 crore in JV Jio BlackRock Investment Advisers",The Economic Times,2025-04-03
Jio Financial forays into digital loan against securities; share jumps 5%’,Fortune India,2025-04-08
"Mukesh Ambani disrupts another market after Jio with…, Campa Cola crosses Rs 10000000000 in just…",India.Com,2025-04-08
Jio Finance launches digital loan against securities product,The Hindu BusinessLine,2025-04-08
Jio Financial rises 5% as NBFC arm starts 10-minute Loan Against Securities,Business Standard,2025-04-08
Jio Financial shares rise 6% as top Nifty gainer on foray into loans against securities,Moneycontrol,2025-04-08
Jio vs Airtel: Which plan is better for 1 year & Benefits,Times Bull,2025-04-09
"How BSNL's 'Reliance Jio mistake' may have cost the government Rs 1,757 crore",Times of India,2025-04-02
"TRAI rules: Check Airtel, Jio, Vi network quality in your area, here's how",India TV News,2025-04-08
"Government loses ₹1,757 crore as BSNL fails to bill Reliance Jio for sharing infra: CAG",The Hindu,2025-04-02
Airtel and Jio offer 90-day recharge plans: Which one is better?,India TV News,2025-04-07
Jio Finance to provide digital loans against securities,Times of India,2025-04-07
Jio Finance Ltd introduces fully digital Loan Against Securities,MillenniumPost,2025-04-08
Jio Financial Services share price down 44% from record high; analyst tells fresh short-term target,ET Now,2025-04-05
Jio tower catches fire in New Ranip amid soaring temperatures,GujaratSamachar English,2025-04-08
Jio Finance Limited forays into Digital Loan Against Securities CorporateNews,Pressnote.in,2025-04-09
Jio extends unlimited offer till April 15 for ongoing cricket season,Business Standard,2025-04-01
Jio Financial Services Shows Brief Recovery Amid Ongoing Market Pressures,MarketsMojo,2025-04-08
"Govt incurs Rs1,758 cr loss as BSNL fails to bill Reliance Jio",The New Indian Express,2025-04-02
"Reliance Jio launches new plan, now you will get unlimited calling for 98 days",informalnewz,2025-04-07
Jio extends Unlimited offer with JioHotstar subscription benefits till April 15,Kalinga TV,2025-04-07
Reliance Jio extends its ₹299 or above plan with free JioHotstar and JioFiber till April 15,The Hindu,2025-04-01
Jio extends free IPL streaming offer on JioHotstar until April 15: Full list of plans and benefits,Business Today,2025-04-07
"Jio Financial Services’ ""Loans Against Shares"" is An Important Business Move [Explained]",getmoneyrich,2025-04-08
Jio Financial rallies as NBFC arm forays into digital LAS via app,Business Standard,2025-04-08
Jio's 90-day plan priced at only Rs 100,India TV News,2025-04-03
"Mukesh Ambani hits jackpot, Campa Cola crosses Rs 10000000000 revenue in just…, secures more than…, is this J",India.Com,2025-04-07
"Q4FY25 will bring revenue growth for Airtel & Jio, Vi will lag",Communications Today,2025-04-08
"Postpaid Plans: Enjoy unlimited data and calls for just Rs 199, these plans of Jio, Airtel, Vi, BSNL are t ...",informalnewz,2025-04-09
Jio Finance Limited forays into Digital Loan Against Securities,:: India News Calling ::,2025-04-08
Jio extends 90 days free JioHotstar offer till April 15,FoneArena.com,2025-04-07
Stream IPL 2025 for Free – Jio Surprises Users with Hotstar Extension!,munsifdaily.com,2025-04-08
"BSNL Refutes Rs 1,757-Crore Loss Claim Over Reliance Jio Billing Issue: Report",TelecomTalk,2025-04-08
Jio rolls out super fast mmWave 5G in 21 states: What it means for you,Business Today,2025-04-02
"Jio Financial Shares Slip to ₹221.17, Down 1.62% Amid Global Market Weakness",Analytics Insight,2025-04-09
This Prepaid Plan by Reliance Jio offers combo plan of Zee5 and SonyLIV,Kalinga TV,2025-04-05
Jio Finance Limited forays into digital Loan Against Securities,Daily Excelsior,2025-04-08
"Govt suffered Rs 1,757cr loss after BSNL failed to bill Reliance Jio: CAG",financialexpress.com,2025-04-02
"BSNL's failure to bill Jio for a decade cost govt Rs 1,757 crore: CAG",Business Standard,2025-04-02
Rs 1 cr loan in 10 mins from Jio Financial Services? How to get it from JioFinance App - Interest rates?,ET Now,2025-04-08
"Reliance Jio introduces 90 days explosive recharge plan, many benefits including free calling",informalnewz,2025-04-05
"Jio to Unveil Affordable, Smart Electric Scooter for Urban Mobility",EV Mechanica,2025-04-04
"Jio Financial Services shares surge as NBFC forays into digital loans against stocks, mutual funds",Upstox,2025-04-08
"Reliance Jio, Airtel’s revenue may rise in Q4FY25, Vodafone Idea to decline: Analysts",ET Telecom,2025-04-07
Jio Finance Launches Digital Loan Against Securities via JioFinance App,TelecomTalk,2025-04-08
"Jio Financial shares surge 6%, top Nifty gainer on foray into loans against securities",TradingView,2025-04-08
"Trending Stocks Highlights: Jio, Shriram Finance, BEL, Adani Enterprises lead gainers, all Adani stocks end in green",The Hindu BusinessLine,2025-04-08
"Govt loses Rs 1,757 cr as BSNL fails to bill Reliance Jio for sharing infra: CAG",The Economic Times,2025-04-01
"BSNL Refutes Rs 1,757-Crore Loss Claim Over Reliance Jio Billing Issue: Report",StartupNews.fyi,2025-04-08
Get Loans Up to Rs 1 Crore In 10 Mins: Jio Finance Launches Instant Loans Against Securities With 9.99% ROI,Goodreturns,2025-04-08
Jio Finance Forays Into Digital Loans Against Securities,BizzBuzz,2025-04-09
"Top gainers and losers on April 8: Jio Financial Services, Shriram Finance shares surge over 5%, check full list",Upstox,2025-04-08
"How BSNL’s Failure To Bill Jio For 10 Years Cost Government ₹1,757 Crore | CAG Report Full Details",Mint,2025-04-02
"BSNL Set for Big Return With 5G Push: Should Jio, Airtel, And Vi Watch Out?",Republic World,2025-04-08
"Upcoming Events in April 2025 at Jio World Convention Centre, Mumbai",EVENTFAQS Media,2025-04-07
Jio Financial Services Faces Decline Amid Broader Market Challenges and Bearish Sentiment,MarketsMojo,2025-04-04
Jio Finance now offers loans against shares in 10 minutes,NewsBytes,2025-04-08
"BSNL 'Failed' to Bill Reliance Jio For Sharing Infra Since 2014, Govt Lost Rs. 1,757 Crore: Report",thewire.in,2025-04-02
Jio Scores Again: Extends Free IPL 2025 Streaming On JioHotstar – Plans And Perks Inside!,news24online.com,2025-04-07
"Reliance Jio Claims No Dues Left After Paying BSNL for Shared Infrastructure Worth ₹1,757 crore",THE PHILOX,2025-04-06
"BSNL Lost Rs1,757 Crore by Not Billing Reliance Jio for 10 Years: CAG",Moneylife,2025-04-02
"Jio Finance's NBFC arm enters digital loan against securities, to provide loans in 10 minutes",The Economic Times,2025-04-08
Jio Financial Services shares in focus after Rs 66.5 crore investment in JV with BlackRock,The Economic Times,2025-04-04
Jio Financial and BlackRock invest ₹66.5 crore in joint venture Jio BlackRock Investment Advisers,CNBC TV18,2025-04-03
How to watch IPL 2025 for free? Reliance Jio offers 90-day free JioHotstar subscription. How to activate,The Economic Times,2025-03-17
"Masterstroke by Mukesh Ambani as Jio users to get free JioHotstar until…, IPL viewers can…",India.Com,2025-04-04
Jio Finance Launches Instant Digital Loan Against Securities via JioFinance App,Passionate In Marketing,2025-04-08
"Smart, Affordable Jio E-Cycle Leads the Market",EV Mechanica,2025-04-08
